title,description,link
HTML - Wikipedia,"The HyperText Markup Language, or HTML is the standard markup language for documents designed to be displayed in a web browser.History · Markup",https://en.wikipedia.org/wiki/HTML&sa=U&ved=2ahUKEwja3urn05P0AhXjyzgGHe0cD_YQFnoECAcQAg&usg=AOvVaw0LoMGLl3TZDx9Bsx8sJALx
HTML For Beginners The Easy Way: Start Learning HTML & CSS ...,"Learn how to code HTML & CSS for free at HTML.com. We've HTML tutorials & reference guides on tags, attributes and everything else you need to master HTML.HTML for Absolute Beginners · HTML Editors · Our Other HTML Tutorials",https://html.com/&sa=U&ved=2ahUKEwja3urn05P0AhXjyzgGHe0cD_YQFnoECAEQAg&usg=AOvVaw00tdIha3vpIqddq2N_--Nn
HTML: HyperText Markup Language - MDN Web Docs,02-Oct-2021 · HTML (HyperText Markup Language) is the most basic building block of the Web. It defines the meaning and structure of web content.,https://developer.mozilla.org/en-US/docs/Web/HTML&sa=U&ved=2ahUKEwja3urn05P0AhXjyzgGHe0cD_YQFnoECAoQAg&usg=AOvVaw0MmSqaxlkGXcgU62yz2aSC
spec - HTML Standard - whatwg,"4 days ago · 1 Introduction; 2 Common infrastructure; 3 Semantics, structure, and APIs of HTML documents; 4 The elements of HTML; 5 Microdata ...",https://html.spec.whatwg.org/multipage/&sa=U&ved=2ahUKEwja3urn05P0AhXjyzgGHe0cD_YQFnoECAgQAg&usg=AOvVaw08pU58dqphCee2jt3Cs1Cx
HTML Crash Course For Absolute Beginners - YouTube,17-Jul-2017 · In this crash course I will cram as much about HTML that I can. This is meant for absolute ...Duration: 1:00:42Posted: 17-Jul-2017,https://www.youtube.com/watch%3Fv%3DUB1O30fR-EE&sa=U&ved=2ahUKEwja3urn05P0AhXjyzgGHe0cD_YQtwJ6BAgDEAE&usg=AOvVaw1X0Ome6tASEkn6Mj6jZ32O
W3C HTML,https://html.spec.whatwg.org/multipage/ is the current HTML standard. It obsoletes all other previously-published HTML specifications.,https://www.w3.org/html/&sa=U&ved=2ahUKEwja3urn05P0AhXjyzgGHe0cD_YQFnoECAkQAg&usg=AOvVaw2KCczhh6agbA3h4rt8EElJ



People also ask for
What exactly is HTML?
How do I start HTML?
What is HTML used for?
Is HTML coding easy?



Related searches
HTML tags
HTML tutorial
HTML code
HTML editor
HTML website
HTML download
HTML Full form
HTML W3Schools
