Title|,Link,Description
An overview of HTTP - MDN Web Docs,https://developer.mozilla.org/en-US/docs/Web/HTTP/Overview&sa=U&ved=2ahUKEwjm4_TM56H0AhX0GbkGHXsQDecQFnoECAsQAg&usg=AOvVaw1uS71uIwbN2JZySpWA4ut1,03-Oct-2021 · HTTP is a protocol for fetching resources such as HTML documents. It is the foundation of any data exchange on the Web and it is a ...
Hypertext Transfer Protocol - Wikipedia,https://en.wikipedia.org/wiki/Hypertext_Transfer_Protocol&sa=U&ved=2ahUKEwjm4_TM56H0AhX0GbkGHXsQDecQFnoECAkQAg&usg=AOvVaw0Rn1k_fqDiXGZrgoEKTysc,"The Hypertext Transfer Protocol (HTTP) is an application layer protocol in the Internet protocol suite model for distributed, collaborative, ...HTTP data exchange · HTTP/1.1 request messages · HTTP/1.1 response messages"
What is HTTP? | Cloudflare,https://www.cloudflare.com/en-in/learning/ddos/glossary/hypertext-transfer-protocol-http/&sa=U&ved=2ahUKEwjm4_TM56H0AhX0GbkGHXsQDecQFnoECAgQAg&usg=AOvVaw2ngGU2bFPheR5N7iU8RwbR,"The Hypertext Transfer Protocol (HTTP) is the foundation of the World Wide Web, and is used to load web pages using hypertext links. HTTP is an application ..."
Hypertext Transfer Protocol -- HTTP/1.1 - W3C,https://www.w3.org/Protocols/rfc2616/rfc2616.html&sa=U&ved=2ahUKEwjm4_TM56H0AhX0GbkGHXsQDecQFnoECAcQAg&usg=AOvVaw38hoUU-0pBOT4vqeveGQuh,"The Hypertext Transfer Protocol (HTTP) is an application-level protocol for distributed, collaborative, hypermedia information systems. It is a generic, ..."
HTTP - Hypertext Transfer Protocol Overview - W3C,https://www.w3.org/Protocols/&sa=U&ved=2ahUKEwjm4_TM56H0AhX0GbkGHXsQDecQFnoECAEQAg&usg=AOvVaw1rWsyLTbwMYely6yNFhM1y,"Now that both HTTP extensions and HTTP/1.1 are stable specifications (RFC2616 at that time), W3C has closed the HTTP Activity. An effort to revise HTTP/1.1 ..."
HTTP Tutorial - Tutorialspoint,https://www.tutorialspoint.com/http/index.htm&sa=U&ved=2ahUKEwjm4_TM56H0AhX0GbkGHXsQDecQFnoECAIQAg&usg=AOvVaw1zlz4mM9pw3K_9ddqj9X5r,"The Hypertext Transfer Protocol (HTTP) is an application-level protocol for distributed, collaborative, hypermedia information systems."
HTTP: Definition & How it Works | Protocol Support Library - ExtraHop,https://www.extrahop.com/resources/protocols/http/&sa=U&ved=2ahUKEwjm4_TM56H0AhX0GbkGHXsQDecQFnoECA0QAg&usg=AOvVaw3OsbryTL0ecJ_db_QtVsyX,"What is HTTP (Hypertext Transfer Protocol)? ... The Hypertext Transfer Protocol is an application protocol for distributed, collaborative, hypermedia information ..."
HTTP (Hypertext Transfer Protocol) - WhatIs.com,https://whatis.techtarget.com/definition/HTTP-Hypertext-Transfer-Protocol&sa=U&ved=2ahUKEwjm4_TM56H0AhX0GbkGHXsQDecQFnoECAoQAg&usg=AOvVaw2ADqwv7I9qvGhB3SONDdcG,"HTTP (Hypertext Transfer Protocol) is the set of rules for transferring files -- such as text, images, sound, video and other multimedia files -- over the ..."
HTTP: Hypertext Transfer Protocol (article) | Khan Academy,https://www.khanacademy.org/computing/computers-and-internet/xcae6f4a7ff015e7d:the-internet/xcae6f4a7ff015e7d:web-protocols/a/hypertext-transfer-protocol-http&sa=U&ved=2ahUKEwjm4_TM56H0AhX0GbkGHXsQDecQFnoECAwQAg&usg=AOvVaw1-qr3oiFnShlfL4p-G4JaM,"Created by Pamela Fox. ... Whenever you visit a page on the web, your computer uses the Hypertext Transfer Protocol (HTTP) to download that page from another ..."

People also asked for
What is HTTP and example?
What is HTTP and HTML?
What is HTTP application?
What is HTTP and why it is required?

Related searches
HTTP website
HTTPS
HTTP tutorial
HTTP basics
HTTP protocol
HTTP example
Http Flutter
HTTP vs HTTPS


Title|,Link,Description
GOAT: Buy and Sell Authentic Sneakers,https://www.goat.com/&sa=U&ved=2ahUKEwjc1rbZ56H0AhWGIbkGHRB9CTAQFnoECAwQAg&usg=AOvVaw3PxPA8HYo2W4AiFOsBUedI,"The global destination for authentic sneakers on desktop, iPhone and Android. We guarantee authenticity on every sneaker purchase or your money back.GOAT Support · GOAT Selects · GOAT Clean · GOAT App"
Goat - Wikipedia,https://en.wikipedia.org/wiki/Goat&sa=U&ved=2ahUKEwjc1rbZ56H0AhWGIbkGHRB9CTAQFnoECAsQAg&usg=AOvVaw1Zi3nbFBu3uIn3PM-xeDEs,The domestic goat or simply goat (Capra hircus) is a domesticated species of goat-antelope typically kept as livestock. It was domesticated from the wild ...Goat (disambiguation) · Wild goat · Goat farming · Cashmere goatKingdom: AnimaliaGenus: CapraPhylum: ChordataClass: Mammalia
GOAT (@goat) • Instagram photos and videos,https://www.instagram.com/goat/%3Fhl%3Den&sa=U&ved=2ahUKEwjc1rbZ56H0AhWGIbkGHRB9CTAQFnoECAkQAg&usg=AOvVaw2dM6daikNgIrRwyT3N6SCQ,"3.6m Followers, 2 Following, 418 Posts - See Instagram photos and videos from GOAT (@goat)"
"goat | Description, Breeds, Milk, & Facts | Britannica",https://www.britannica.com/animal/goat&sa=U&ved=2ahUKEwjc1rbZ56H0AhWGIbkGHRB9CTAQFnoECAgQAg&usg=AOvVaw2wPxNpnXpQXyyoXLeqNylL,"goat, any ruminant and hollow-horned mammal belonging to the genus Capra. Related to the sheep, the goat is lighter of build, has horns that arch backward, ..."
GOAT | meaning in the Cambridge English Dictionary,https://dictionary.cambridge.org/dictionary/english/goat&sa=U&ved=2ahUKEwjc1rbZ56H0AhWGIbkGHRB9CTAQFnoECAcQAg&usg=AOvVaw3qoyDdfm9hKnqfNwH5zrbQ,"abbreviation for Greatest Of All Time: used to refer to or describe the person who has performed better than anyone else ever, especially in a sport: Mohammad ..."
goat - Wiktionary,https://en.wiktionary.org/wiki/goat&sa=U&ved=2ahUKEwjc1rbZ56H0AhWGIbkGHRB9CTAQFnoECAIQAg&usg=AOvVaw2BxYlgOcrWrjBNjW-vFw-T,"goat (plural goats). A mammal, Capra aegagrus hircus, and similar species of the genus Capra. (uncountable) The meat of the aforementioned animal."
Goat Definition & Meaning - Merriam-Webster,https://www.merriam-webster.com/dictionary/goat&sa=U&ved=2ahUKEwjc1rbZ56H0AhWGIbkGHRB9CTAQFnoECAAQAg&usg=AOvVaw0r9G6A93-L4TH-RWuhm5ux,The meaning of goat is any of various hollow-horned ruminant mammals (especially of the genus Capra) related to the sheep but of lighter build and with ...
Goat definition and meaning | Collins English Dictionary,https://www.collinsdictionary.com/dictionary/english/goat&sa=U&ved=2ahUKEwjc1rbZ56H0AhWGIbkGHRB9CTAQFnoECAMQAg&usg=AOvVaw1o2huZuBitO6O4_gF29Uql,"A goat is a farm animal or a wild animal that is about the size of a sheep. Goats have horns, and hairs on their chin which resemble a beard."
GOAT Group | LinkedIn,https://www.linkedin.com/company/goat-group&sa=U&ved=2ahUKEwjc1rbZ56H0AhWGIbkGHRB9CTAQFnoECA0QAg&usg=AOvVaw1jo-IQ_1T-CJ8TMGiBdTbb,"Since its founding in 2015, GOAT has become the leading and most trusted sneaker marketplace in the world, and has expanded to offer apparel and accessories ..."
Goat Definition & Meaning | Dictionary.com,https://www.dictionary.com/browse/goat&sa=U&ved=2ahUKEwjc1rbZ56H0AhWGIbkGHRB9CTAQFnoECAoQAg&usg=AOvVaw0ECZBN-TviaLEfECBtXCwL,"greatest of all time: (used to refer to or describe a person or thing that is considered to be the best ever in a particular field, category, etc., especially ..."

People also asked for
What does goat mean?
Does the acronym goat stand for?
What is a goat on Instagram?
Can goat be trusted?

Related searches
g.o.a.t full form
Goat meaning
GOAT app
Female goat
Goat meat
G.O.A.T. song
Goat animal
GOAT of soccer


